"Model","Mean_Dev","SD_Dev","Mean_SAE"
"Lasso",134.032900029314,18.4594010590815,0.0908614751500055
"NWQS",60.221440237953,7.37453101891007,0.0986742107628713
"QGcomp",794.066427025086,82.2419698601409,0.145546249581591
"RandomForest",339.180050839586,32.7396305060757,0.090009939918426
"Ridge",138.951813892536,18.0071521065691,NA
"gWQS",491.629057110559,51.2943202558886,0.122570291204448
